Name,X,Y,Z,radii,Andy,Andy,Andy,Andy P,Andy #,-------------------------,Charles 1,Charles 2,Charles 3,Charles 4,Charles 5,-------------------------,Nadine :),Nadine B,Nadine 1,Nadine 2,Nadine 3
1,930,1178,0,46.24418637,0.267199065,0.508498002,0.913623076,0.508498002,0.913623076,,,,,,,,,,,,
2,941,1051,0,39.08424807,0.016244998,0.647301893,0.968454292,0.647301893,0.968454292,,,,,,,,,,,,
3,969,1480,0,56.81524069,0.961113398,0.165454361,0.998177636,0.165454361,0.998177636,,,,,,,,,,,,
4,974,1299,0,49.9129434,0.60654678,0.670185366,0.836175303,0.670185366,0.836175303,,,,,,,,,,,,
5,985,1189,0,45.71902501,0.748547021,0.219823462,0.465977154,0.219823462,0.465977154,,,,,,,,,,,,
6,985,1315,0,60.47531665,0.745356421,0.450482405,0.326537735,0.450482405,0.326537735,,,,,,,,,,,,
7,985,1788,0,44.41843839,0.395931659,0.525608853,0.668629989,0.525608853,0.668629989,,,,,,,,,,,,
8,985,2140,0,50.1445376,0.045075111,0.126250062,0.583526043,0.126250062,0.583526043,,,,,,,,,,,,
9,991,1937,0,61.29438037,0.733602912,0.822459972,0.846394372,0.822459972,0.846394372,,,,,,,,,,,,
10,996,1106,0,52.51717359,0.201049889,0.378585159,0.661701746,0.378585159,0.661701746,,,,,,,,,,,,
11,1002,1728,0,54.58758584,0.292952426,0.392832302,0.089153581,0.392832302,0.089153581,,,,,,,,,,,,
12,1007,1051,0,36.55197897,0.855958587,0.350638277,0.450030926,0.350638277,0.450030926,,,,,,,,,,,,
13,1007,1392,0,35.19826266,0.54346263,0.212127056,0.865605141,0.212127056,0.865605141,,,,,,,,,,,,
14,1018,1035,0,53.23073613,0.516105406,0.217271981,0.689984068,0.217271981,0.689984068,,,,,,,,,,,,
15,1018,2206,0,57.94755178,0.542858438,0.0561808,0.862614851,0.0561808,0.862614851,,,,,,,,,,,,
16,1024,1552,0,58.40841653,0.712405948,0.998311926,0.342512783,0.998311926,0.342512783,,,,,,,,,,,,
17,1029,1436,0,37.86232011,0.600632494,0.219149497,0.336962997,0.219149497,0.336962997,,,,,,,,,,,,
18,1029,1838,0,53.71246901,0.943410634,0.466141251,0.478673234,0.466141251,0.478673234,,,,,,,,,,,,
19,1035,1216,0,47.05788482,0.377497066,0.161248847,0.941910899,0.161248847,0.941910899,,,,,,,,,,,,
20,1040,1007,0,47.08309038,0.254427742,0.423435676,0.686045856,0.423435676,0.686045856,,,,,,,,,,,,
21,1040,1029,0,55.4603963,0.807406981,0.904407813,0.520106467,0.904407813,0.520106467,,,,,,,,,,,,
22,1040,2399,0,51.78076875,0.253745712,0.275782279,0.249877016,0.275782279,0.249877016,,,,,,,,,,,,
23,1040,2569,0,57.10253277,0.341603925,0.048951738,0.641959415,0.048951738,0.641959415,,,,,,,,,,,,
24,1046,732,0,46.79009235,0.761368436,0.117637395,0.154092931,0.117637395,0.154092931,,,,,,,,,,,,
25,1046,842,0,47.60605428,0.660021797,0.702341423,0.946984921,0.702341423,0.946984921,,,,,,,,,,,,
26,1062,1585,0,41.3488672,0.384303574,0.30785838,0.512762307,0.30785838,0.512762307,,,,,,,,,,,,
27,1062,2146,0,52.479736,0.244155105,0.383667659,0.198139357,0.383667659,0.198139357,,,,,,,,,,,,
28,1068,963,0,40.06073347,0.612122028,0.559924855,0.806620449,0.559924855,0.806620449,,,,,,,,,,,,
29,1068,1090,0,46.4101178,0.759525193,0.004787913,0.920453113,0.004787913,0.920453113,,,,,,,,,,,,
30,1068,1244,0,60.17180832,0.411856534,0.27989039,0.713986707,0.27989039,0.713986707,,,,,,,,,,,,
31,1079,787,0,57.29267612,0.960500245,0.036935735,0.941853684,0.036935735,0.941853684,,,,,,,,,,,,
32,1079,1326,0,39.17440389,0.104400184,0.743459436,0.561596827,0.743459436,0.561596827,,,,,,,,,,,,
33,1079,1948,0,44.36314128,0.73745726,0.520623693,0.093524187,0.520623693,0.093524187,,,,,,,,,,,,
34,1084,2206,0,39.29679058,0.322470666,0.120278751,0.719114126,0.120278751,0.719114126,,,,,,,,,,,,
35,1090,1376,0,56.19207087,0.902845221,0.880560158,0.051142407,0.880560158,0.051142407,,,,,,,,,,,,
36,1090,1425,0,64.55347107,0.514238568,0.168778159,0.154746028,0.168778159,0.154746028,,,,,,,,,,,,
37,1090,1634,0,49.01791868,0.596085341,0.000377581,0.013104937,0.000377581,0.013104937,,,,,,,,,,,,
38,1090,1700,0,45.38960855,0.87963128,0.012664788,0.006592957,0.012664788,0.006592957,,,,,,,,,,,,
39,1101,732,0,36.48261634,0.547312059,0.399892814,0.600465824,0.399892814,0.600465824,,,,,,,,,,,,
40,1101,1546,0,52.50959185,0.751360799,0.946230006,0.431206253,0.946230006,0.431206253,,,,,,,,,,,,
41,1112,1211,0,63.77288023,0.971699909,0.223333303,0.037838689,0.223333303,0.037838689,,,,,,,,,,,,
42,1112,1480,0,54.07972903,0.259420639,0.322747492,0.837423841,0.322747492,0.837423841,,,,,,,,,,,,
43,1112,1755,0,53.60394142,0.190190357,0.478548652,0.631347715,0.478548652,0.631347715,,,,,,,,,,,,
44,1112,1805,0,41.91196267,0.726718102,0.118348267,0.541371356,0.118348267,0.541371356,,,,,,,,,,,,
45,1123,996,0,50.60419534,0.004605959,0.153307456,0.436760607,0.153307456,0.436760607,,,,,,,,,,,,
46,1123,1117,0,43.32101936,0.339886347,0.518835173,0.779428824,0.518835173,0.779428824,,,,,,,,,,,,
47,1123,1574,0,40.548067,0.352454876,0.122434299,0.877557026,0.122434299,0.877557026,,,,,,,,,,,,
48,1123,1788,0,37.17927709,0.253945198,0.836598685,0.681987519,0.836598685,0.681987519,,,,,,,,,,,,
49,1123,1827,0,49.21952701,0.864861158,0.699208588,0.95253023,0.699208588,0.95253023,,0.95253023,,,,,,,,,,
50,1139,2597,0,48.65906987,0.885353566,0.638447944,0.834238352,0.638447944,0.834238352,,,,,,,,,,,,
51,1145,804,0,62.13251907,0.220655167,0.499373016,0.471038419,0.499373016,0.471038419,,,,,,,,,,,,
52,1167,1013,0,64.53380637,0.152745142,0.940174112,0.956861605,0.940174112,0.956861605,,,,,,,,,,,,
53,1167,1893,0,42.79253128,0.708990505,0.958061306,0.739923371,0.958061306,0.739923371,,,,,,,,,,,,
54,1167,1986,0,42.16201411,0.622769331,0.368105187,0.511064232,0.368105187,0.511064232,,,,,,,,,,,,
55,1167,2118,0,57.72953621,0.506303023,0.088938984,0.47206014,0.088938984,0.47206014,,,,,,,,,,,,
56,1172,1123,0,44.44729247,0.579903472,0.178618232,0.657115371,0.178618232,0.657115371,,,,,,,,,,,,
57,1172,2399,0,49.61850036,0.346767618,0.330836329,0.373804097,0.330836329,0.373804097,,,,,,,,,,,,
58,1178,1332,0,48.02927957,0.546843707,0.529727152,0.576857326,0.529727152,0.576857326,,,,,,,,,,,,
59,1178,2201,0,49.50378102,0.364584439,0.391468029,0.089320757,0.391468029,0.089320757,,,,,,,,,,,,
60,1183,2613,0,59.74027743,0.072228954,0.002411497,0.853414493,0.002411497,0.853414493,,,,,,,,,,,,
61,1194,732,0,43.55589238,0.076611988,0.701616706,0.709956076,0.701616706,0.709956076,,,,,,,,,,,,
62,1194,1249,0,53.17920042,0.716182423,0.646454084,0.349690462,0.646454084,0.349690462,,,,,,,,,,,,
63,1200,1348,0,57.23464022,0.132426534,0.651540029,0.045221279,0.651540029,0.045221279,,,,,,,,,,,,
64,1200,1612,0,51.5094788,0.14556517,0.757935872,0.741707386,0.757935872,0.741707386,,,,,,,,,,,,
65,1211,996,0,42.38026537,0.772451506,0.928065196,0.246950279,0.928065196,0.246950279,,,,,,,,,,,,
66,1222,1442,0,48.08841455,0.309004658,0.05709376,0.789093803,0.05709376,0.789093803,,,,,,,,,,,,
67,1222,1766,0,55.54219337,0.739130658,0.004793976,0.114656582,0.004793976,0.114656582,,,,,,,,,,,,
68,1233,831,0,40.58874967,0.417200659,0.120151525,0.505790326,0.120151525,0.505790326,,,,,,,,,,,,
69,1233,2129,0,45.08932129,0.656806805,0.538119581,0.127131778,0.538119581,0.127131778,,,,,,,,,,,,
70,1244,919,0,61.46882357,0.672670221,0.817420537,0.856468445,0.817420537,0.856468445,,,,,,,,,,,,
71,1249,2212,0,54.12289251,0.477679506,0.004367511,0.874932857,0.004367511,0.874932857,,,,,,,,,,,,
72,1249,2630,0,35.47574796,0.465673322,0.529731675,0.40976169,0.529731675,0.40976169,,,,,,,,,,,,
73,1255,2316,0,39.2259139,0.424784177,0.545900591,0.402254448,0.545900591,0.402254448,,,,,,,,,,,,
74,1266,1348,0,49.75490574,0.362252568,0.321407145,0.629200459,0.321407145,0.629200459,,,,,,,,,,,,
75,1266,1997,0,37.60449054,0.287719244,0.65177765,0.871096676,0.65177765,0.871096676,,,,,,,,,,,,
76,1266,2096,0,41.46939604,0.041076308,0.009432555,0.504000598,0.009432555,0.504000598,,,,,,,,,,,,
77,1271,897,0,35.5336794,0.760298018,0.831366447,0.23776292,0.831366447,0.23776292,,,,,,,,,,,,
78,1315,1387,0,49.03528238,0.813802114,0.212286006,0.778893306,0.212286006,0.778893306,,,,,,,,,,,,
79,4280,2938,0,72.15405489,,,,,,,0.873156943,0.028179875,0.833807384,0.028179875,0.833807384,,,,,,
80,4318,2905,0,82.55210339,,,,,,,0.607138174,0.969632223,0.520929866,0.969632223,0.520929866,,,,,,
81,4335,2663,0,53.08381365,,,,,,,0.722964889,0.775183898,0.696140404,0.775183898,0.696140404,,,,,,
82,4401,2443,0,57.59531082,,,,,,,0.561406283,0.033011305,0.350134637,0.033011305,0.350134637,,,,,,
83,4401,2817,0,73.15946348,,,,,,,0.945639635,0.137114835,0.410395301,0.137114835,0.410395301,,,,,,
84,4406,2261,0,73.19141512,,,,,,,0.484377259,0.924690246,0.307811108,0.924690246,0.307811108,,,,,,
85,4423,2674,0,71.3202745,,,,,,,0.819419944,0.8460029,0.499656928,0.8460029,0.499656928,,,,,,
86,4434,2520,0,59.50745122,,,,,,,0.131646827,0.9683285,0.288592646,0.9683285,0.288592646,,,,,,
87,4450,2949,0,53.29521822,,,,,,,0.45638202,0.278347354,0.249746397,0.278347354,0.249746397,,,,,,
88,4467,2179,0,81.01294352,,,,,,,0.364811303,0.678818212,0.039015377,0.678818212,0.039015377,,,,,,
89,4478,2300,0,52.4090211,,,,,,,0.623623425,0.774992042,0.159615494,0.774992042,0.159615494,,,,,,
90,4483,2520,0,61.8369088,,,,,,,0.027419038,0.385219169,0.621569969,0.385219169,0.621569969,,,,,,
91,4500,2833,0,85.6399154,,,,,,,0.414603119,0.815978047,0.03527113,0.815978047,0.03527113,,,,,,
92,4505,2817,0,50.09532485,,,,,,,0.587019879,0.744266492,0.436137833,0.744266492,0.436137833,,,,,,
93,4522,2520,0,79.60431258,,,,,,,0.834794125,0.52274557,0.360986005,0.52274557,0.360986005,,,,,,
94,4527,2107,0,53.75374505,,,,,,,0.391095551,0.926333632,0.266031756,0.926333632,0.266031756,,,,,,
95,4527,2679,0,50.24310522,,,,,,,0.299734372,0.775984579,0.486732514,0.775984579,0.486732514,,,,,,
96,4566,2124,0,82.34454876,,,,,,,0.807153392,0.141752717,0.027340806,0.141752717,0.027340806,,,,,,
97,4621,2102,0,81.61601777,,,,,,,0.945742734,0.640327445,0.784740743,0.640327445,0.784740743,,,,,,
98,4626,2833,0,84.0959442,,,,,,,0.160724333,0.202583776,0.862603068,0.202583776,0.862603068,,,,,,
99,4648,2052,0,64.89802615,,,,,,,0.847701002,0.723157012,0.047432509,0.723157012,0.047432509,,,,,,
100,4648,2278,0,58.60056663,,,,,,,0.753756705,0.038226261,0.038287167,0.038226261,0.038287167,,,,,,
101,4654,2481,0,68.65363187,,,,,,,0.384117235,0.023565257,0.168900794,0.023565257,0.168900794,,,,,,
102,4665,1964,0,89.72951778,,,,,,,0.243819715,0.07338107,0.159959317,0.07338107,0.159959317,,,,,,
103,4676,2993,0,87.48833723,,,,,,,0.040772567,0.420721143,0.794588003,0.420721143,0.794588003,,,,,,
104,4681,2245,0,60.61282654,,,,,,,0.950969761,0.541317011,0.951982504,0.541317011,0.951982504,,,,,,
105,4687,2162,0,66.47538679,,,,,,,0.774760224,0.0666209,0.359426646,0.0666209,0.359426646,,,,,,
106,4698,2674,0,62.62458839,,,,,,,0.851540692,0.042939758,0.51580597,0.042939758,0.51580597,,,,,,
107,4703,2525,0,53.68542233,,,,,,,0.375008332,0.797041656,0.571191042,0.797041656,0.571191042,,,,,,
108,4709,1601,0,73.62356651,,,,,,,0.629478034,0.783598851,0.531591405,0.783598851,0.531591405,,,,,,
109,4714,1502,0,53.33416488,,,,,,,0.247791904,0.773978101,0.191596076,0.773978101,0.191596076,,,,,,
110,4714,1689,0,59.9046488,,,,,,,0.334621982,0.666395438,0.512193402,0.666395438,0.512193402,,,,,,
111,4731,2520,0,82.10181542,,,,,,,0.284558063,0.659470901,0.991926984,0.659470901,0.991926984,,,,,,
112,4736,2800,0,79.11448858,,,,,,,0.516606313,0.173291644,0.0776184,0.173291644,0.0776184,,,,,,
113,4753,2701,0,71.65457626,,,,,,,0.034046619,0.254249601,0.355074561,0.254249601,0.355074561,,,,,,
114,4758,2883,0,83.69667872,,,,,,,0.743092061,0.190035264,0.126939544,0.190035264,0.126939544,,,,,,
115,4775,1865,0,61.9152686,,,,,,,0.606083998,0.861820303,0.572819409,0.861820303,0.572819409,,,,,,
116,4780,1519,0,88.24735222,,,,,,,0.898240525,0.9239252,0.357179447,0.9239252,0.357179447,,,,,,
117,4780,2008,0,87.39009932,,,,,,,0.531236671,0.882037345,0.420845961,0.882037345,0.420845961,,,,,,
118,4791,1772,0,60.48041972,,,,,,,0.767836212,0.555457058,0.712660083,0.555457058,0.712660083,,,,,,
119,4802,1695,0,66.0138783,,,,,,,0.708383215,0.864087355,0.232934442,0.864087355,0.232934442,,,,,,
120,4808,2426,0,65.51183824,,,,,,,0.536018125,0.414592012,0.242863748,0.414592012,0.242863748,,,,,,
121,4813,1596,0,68.65910749,,,,,,,0.433419693,0.695747227,0.505013636,0.695747227,0.505013636,,,,,,
122,4819,1447,0,58.03829522,,,,,,,0.423488645,0.022745229,0.447152551,0.022745229,0.447152551,,,,,,
123,4824,1920,0,82.26138663,,,,,,,0.923264352,0.447092397,0.361701201,0.447092397,0.361701201,,,,,,
124,4824,2129,0,72.39821653,,,,,,,0.541148225,0.446923377,0.851639498,0.446923377,0.851639498,,,,,,
125,4830,2987,0,75.22392352,,,,,,,0.01052114,0.828033642,0.742391626,0.828033642,0.742391626,,,,,,
126,4841,2096,0,77.24737478,,,,,,,0.568698355,0.464052414,0.237066642,0.464052414,0.237066642,,,,,,
127,4841,2800,0,80.70533471,,,,,,,0.941980314,0.942996335,0.795406484,0.942996335,0.795406484,,,,,,
128,4846,1838,0,75.80329175,,,,,,,0.933655434,0.468302245,0.383533813,0.468302245,0.383533813,,,,,,
129,4852,2525,0,65.25834515,,,,,,,0.940624796,0.389597157,0.907192903,0.389597157,0.907192903,,,,,,
130,4863,1475,0,88.96691227,,,,,,,0.38247177,0.024877917,0.901823217,0.024877917,0.901823217,,,,,,
131,4868,1398,0,81.96371517,,,,,,,0.535144538,0.732398982,0.766157795,0.732398982,0.766157795,,,,,,
132,4868,2228,0,79.61098118,,,,,,,0.335140303,0.471003423,0.000221995,0.471003423,0.000221995,,,,,,
133,4874,1662,0,77.34831612,,,,,,,0.293167107,0.179820788,0.366413496,0.179820788,0.366413496,,,,,,
134,4874,2327,0,84.16394569,,,,,,,0.76968808,0.353160184,0.730829257,0.353160184,0.730829257,,,,,,
135,4879,2652,0,68.33114195,,,,,,,0.41777629,0.856783739,0.913841892,0.856783739,0.913841892,,,,,,
136,4885,1772,0,67.39141245,,,,,,,0.484265704,0.606443442,0.446579147,0.606443442,0.446579147,,,,,,
137,4890,1585,0,70.7300982,,,,,,,0.634489177,0.543935104,0.102563908,0.543935104,0.102563908,,,,,,
138,4912,1475,0,70.57886463,,,,,,,0.970105301,0.949239246,0.412988619,0.949239246,0.412988619,,,,,,
139,4912,1959,0,65.74881289,,,,,,,0.243998978,0.483803567,0.469457147,0.483803567,0.469457147,,,,,,
140,4918,1827,0,74.59365454,,,,,,,0.981758768,0.967937479,0.13578542,0.967937479,0.13578542,,,,,,
141,4923,1733,0,73.3164399,,,,,,,0.291157835,0.952154823,0.985392298,0.952154823,0.985392298,,,,,,
142,4929,1469,0,89.01342675,,,,,,,0.150896364,0.596096357,0.769382049,0.596096357,0.769382049,,,,,,
143,4929,2498,0,73.87860926,,,,,,,0.705931847,0.896837328,0.981545282,0.896837328,0.981545282,,,,,,
144,4940,2349,0,76.1893157,,,,,,,0.481426892,0.127695171,0.535947047,0.127695171,0.535947047,,,,,,
145,4940,2547,0,64.18081793,,,,,,,0.677421345,0.291593474,0.649907308,0.291593474,0.649907308,,,,,,
146,4945,2883,0,53.66485805,,,,,,,0.212671518,0.782324151,0.396971925,0.782324151,0.396971925,,,,,,
147,4956,1535,0,82.75844531,,,,,,,0.178160468,0.699025042,0.994545048,0.699025042,0.994545048,,,,,,
148,4962,2800,0,64.96374385,,,,,,,0.492256896,0.564560415,0.191611441,0.564560415,0.191611441,,,,,,
149,4967,3026,0,77.94633655,,,,,,,0.987581145,0.826013263,0.819350064,0.826013263,0.819350064,,,,,,
150,4973,2553,0,56.04244041,,,,,,,0.126061308,0.20398,0.134969826,0.20398,0.134969826,,,,,,
151,4973,2729,0,52.14365011,,,,,,,0.712012656,0.001942762,0.345346949,0.001942762,0.345346949,,,,,,
152,4978,1678,0,67.92954963,,,,,,,0.920789891,0.467915813,0.139222599,0.467915813,0.139222599,,,,,,
153,4978,2987,0,59.76991098,,,,,,,0.852445385,0.949852039,0.974300877,0.949852039,0.974300877,,,,,,
154,4984,2074,0,84.70182541,,,,,,,0.032244391,0.656825578,0.554656982,0.656825578,0.554656982,,,,,,
155,5000,2190,0,89.88554983,,,,,,,0.637427732,0.839762315,0.733342734,0.839762315,0.733342734,,,,,,
156,5006,1810,0,76.11745512,,,,,,,0.784433674,0.039215503,0.141680549,0.039215503,0.141680549,,,,,,
157,5011,2630,0,51.15807667,,,,,,,0.438179007,0.168664503,0.975506339,0.168664503,0.975506339,,,,,,
158,5033,1909,0,69.12435423,,,,,,,0.156423508,0.996077556,0.993875637,0.996077556,0.993875637,,,,,,
159,5094,2195,0,59.610798,,,,,,,0.515704338,0.242293386,0.317106181,0.242293386,0.317106181,,,,,,
160,5105,2943,0,70.6491545,,,,,,,0.952049622,0.108106986,0.946258781,0.108106986,0.946258781,,,,,,
161,5110,2311,0,86.85577115,,,,,,,0.862092414,0.211215329,0.716967079,0.211215329,0.716967079,,,,,,
162,5121,2767,0,67.72191149,,,,,,,0.065939138,0.391963065,0.415211341,0.391963065,0.415211341,,,,,,
163,5132,2025,0,81.27072019,,,,,,,0.431427821,0.205241261,0.428603343,0.205241261,0.428603343,,,,,,
164,5149,1904,0,50.44659368,,,,,,,0.211126349,0.729567934,0.81027112,0.729567934,0.81027112,,,,,,
165,5149,2404,0,87.00541809,,,,,,,0.619058167,0.065940479,0.506344414,0.065940479,0.506344414,,,,,,
166,5160,2509,0,62.7422083,,,,,,,0.726811319,0.91261496,0.156542017,0.91261496,0.156542017,,,,,,
167,5160,2564,0,75.07251748,,,,,,,0.963242858,0.9007027,0.252134096,0.9007027,0.252134096,,,,,,
168,5165,2597,0,70.34374581,,,,,,,0.094372894,0.301727187,0.51393683,0.301727187,0.51393683,,,,,,
169,5182,2839,0,63.20474871,,,,,,,0.348150747,0.233837761,0.524273645,0.233837761,0.524273645,,,,,,
170,5193,2212,0,81.06244104,,,,,,,0.481054977,0.925556124,0.10478398,0.925556124,0.10478398,,,,,,
171,5209,2052,0,82.35167627,,,,,,,0.786953147,0.684762924,0.418891797,0.684762924,0.418891797,,,,,,
172,5209,2817,0,65.07387892,,,,,,,0.75884753,0.91037771,0.180343915,0.91037771,0.180343915,,,,,,
173,5248,2140,0,59.31740733,,,,,,,0.573503288,0.267900751,0.087200038,0.267900751,0.087200038,,,,,,
174,5248,2272,0,57.179065,,,,,,,0.524533874,0.548546542,0.207471441,0.548546542,0.207471441,,,,,,
175,5264,2927,0,81.90477655,,,,,,,0.220789662,0.63699416,0.661740109,0.63699416,0.661740109,,,,,,
176,5275,2003,0,64.74844252,,,,,,,0.227692102,0.398686895,0.342946625,0.398686895,0.342946625,,,,,,
177,5281,2432,0,74.768862,,,,,,,0.096447413,0.928553861,0.489971386,0.928553861,0.489971386,,,,,,
178,5281,2976,0,82.31041319,,,,,,,0.657440316,0.368080657,0.239104355,0.368080657,0.239104355,,,,,,
179,5286,1964,0,89.28436446,,,,,,,0.241385684,0.772988613,0.943861853,0.772988613,0.943861853,,,,,,
180,5292,2751,0,80.32037715,,,,,,,0.761706823,0.874819273,0.422991982,0.874819273,0.422991982,,,,,,
181,5297,2580,0,59.17264377,,,,,,,0.4556396,0.831977759,0.544968077,0.831977759,0.544968077,,,,,,
182,5303,2470,0,61.08053206,,,,,,,0.730944537,0.190352673,0.70602038,0.190352673,0.70602038,,,,,,
183,5303,2481,0,82.63631609,,,,,,,0.425295726,0.228222849,0.09379896,0.228222849,0.09379896,,,,,,
184,5308,2701,0,66.35498503,,,,,,,0.351239642,0.53679292,0.77117051,0.53679292,0.77117051,,,,,,
185,5347,1992,0,50.3113026,,,,,,,0.662998088,0.088417064,0.07992251,0.088417064,0.07992251,,,,,,
186,5385,2096,0,67.6406203,,,,,,,0.134493969,0.789525927,0.395778366,0.789525927,0.395778366,,,,,,
187,5413,2085,0,55.89012792,,,,,,,0.872382936,0.796115491,0.173502405,0.796115491,0.173502405,,,,,,
188,5413,2256,0,55.90250592,,,,,,,0.037617076,0.673474749,0.933587451,0.673474749,0.933587451,,,,,,
189,5446,2349,0,61.66464921,,,,,,,0.010652296,0.591410774,0.247314063,0.591410774,0.247314063,,,,,,
190,5457,2558,0,84.44408765,,,,,,,0.080053858,0.396040262,0.174649382,0.396040262,0.174649382,,,,,,
191,5457,2679,0,77.30189818,,,,,,,0.893869535,0.27850827,0.534010536,0.27850827,0.534010536,,,,,,
192,5512,2344,0,85.83474687,,,,,,,0.679244946,0.35506469,0.851054914,0.35506469,0.851054914,,,,,,
193,5864,1898,0,45.30272862,,,,,,,,,,,,,0.433235877,0.991935311,0.893529716,0.991935311,0.893529716
194,5886,1260,0,38.89094842,,,,,,,,,,,,,0.920101147,0.831536167,0.898430034,0.831536167,0.898430034
195,5886,1381,0,34.69373422,,,,,,,,,,,,,0.728416864,0.592253451,0.551237602,0.592253451,0.551237602
196,5902,1805,0,51.88698683,,,,,,,,,,,,,0.581302238,0.959151154,0.308300534,0.959151154,0.308300534
197,5913,1172,0,30.25768508,,,,,,,,,,,,,0.082083341,0.389008565,0.994325549,0.389008565,0.994325549
198,5924,1337,0,52.44208602,,,,,,,,,,,,,0.461497021,0.282016976,0.664889376,0.282016976,0.664889376
199,5924,1414,0,31.73713632,,,,,,,,,,,,,0.909839657,0.307368644,0.738881594,0.307368644,0.738881594
200,5924,1832,0,30.13966734,,,,,,,,,,,,,0.573002539,0.363338371,0.226216769,0.363338371,0.226216769
201,5924,1937,0,31.34551254,,,,,,,,,,,,,0.181234284,0.798993703,0.912105303,0.798993703,0.912105303
202,5935,1596,0,27.85219078,,,,,,,,,,,,,0.152093798,0.326596597,0.940966044,0.326596597,0.940966044
203,5935,1656,0,31.38677695,,,,,,,,,,,,,0.067570822,0.001447482,0.898352942,0.001447482,0.898352942
204,5941,1090,0,54.64627877,,,,,,,,,,,,,0.64178702,0.424447852,0.311143682,0.424447852,0.311143682
205,5963,1882,0,41.60021531,,,,,,,,,,,,,0.675577039,0.394905989,0.163151557,0.394905989,0.163151557
206,5963,2382,0,41.06565302,,,,,,,,,,,,,0.164317111,0.29668829,0.448811562,0.29668829,0.448811562
207,5968,1172,0,36.90456659,,,,,,,,,,,,,0.811533741,0.151343113,0.029248643,0.151343113,0.029248643
208,5974,1799,0,29.54323305,,,,,,,,,,,,,0.687250628,0.214754535,0.828988199,0.214754535,0.828988199
209,5979,1266,0,37.7042381,,,,,,,,,,,,,0.485610289,0.73859053,0.217641816,0.73859053,0.217641816
210,5985,1079,0,30.11475675,,,,,,,,,,,,,0.925526048,0.813317711,0.1243296,0.813317711,0.1243296
211,5990,2008,0,40.30404736,,,,,,,,,,,,,0.398834762,0.725973553,0.279166139,0.725973553,0.279166139
212,6001,1601,0,52.02860452,,,,,,,,,,,,,0.948694359,0.676500783,0.244845397,0.676500783,0.244845397
213,6012,1145,0,32.61735921,,,,,,,,,,,,,0.805017948,0.885337777,0.162494868,0.885337777,0.162494868
214,6018,1326,0,33.35188702,,,,,,,,,,,,,0.259087471,0.79516775,0.587701557,0.79516775,0.587701557
215,6023,1238,0,45.38939311,,,,,,,,,,,,,0.079575027,0.763960541,0.749904413,0.763960541,0.749904413
216,6023,2388,0,34.63900011,,,,,,,,,,,,,0.87903234,0.796443941,0.785309627,0.796443941,0.785309627
217,6034,1079,0,28.13984415,,,,,,,,,,,,,0.066770681,0.576515373,0.634754252,0.576515373,0.634754252
218,6034,1948,0,38.56431386,,,,,,,,,,,,,0.023445231,0.958929316,0.325968385,0.958929316,0.325968385
219,6040,1211,0,30.32818069,,,,,,,,,,,,,0.454797999,0.499246673,0.267097937,0.499246673,0.267097937
220,6040,2030,0,46.10942025,,,,,,,,,,,,,0.125022064,0.971373559,0.349183605,0.971373559,0.349183605
221,6040,2113,0,54.80346597,,,,,,,,,,,,,0.634083093,0.839252516,0.479144003,0.839252516,0.479144003
222,6040,2300,0,49.29202599,,,,,,,,,,,,,0.941666277,0.562177168,0.108468045,0.562177168,0.108468045
223,6040,2338,0,41.43842583,,,,,,,,,,,,,0.003904757,0.295614305,0.950663005,0.295614305,0.950663005
224,6045,1596,0,30.826284,,,,,,,,,,,,,0.578023259,0.068517784,0.537393189,0.068517784,0.537393189
225,6045,1700,0,45.30747477,,,,,,,,,,,,,0.292923055,0.532935938,0.80445001,0.532935938,0.80445001
226,6045,1783,0,42.60635499,,,,,,,,,,,,,0.783500626,0.002632264,0.099507211,0.002632264,0.099507211
227,6045,1838,0,43.88880712,,,,,,,,,,,,,0.810390898,0.063241074,0.59149172,0.063241074,0.59149172
228,6051,2201,0,51.0559143,,,,,,,,,,,,,0.38421435,0.060901994,0.648818072,0.060901994,0.648818072
229,6067,1915,0,41.10832085,,,,,,,,,,,,,0.991993058,0.03404183,0.298988155,0.03404183,0.298988155
230,6067,2382,0,49.05898666,,,,,,,,,,,,,0.746695709,0.040406537,0.153058223,0.040406537,0.153058223
231,6078,1112,0,49.90292843,,,,,,,,,,,,,0.208521945,0.327574825,0.497165609,0.327574825,0.497165609
232,6078,2344,0,31.42545519,,,,,,,,,,,,,0.728089748,0.211756003,0.31798302,0.211756003,0.31798302
233,6089,1211,0,54.69693648,,,,,,,,,,,,,0.560844929,0.348762048,0.96723006,0.348762048,0.96723006
234,6089,1326,0,43.06432786,,,,,,,,,,,,,0.210650764,0.769110305,0.134126504,0.769110305,0.134126504
235,6089,1733,0,49.52706878,,,,,,,,,,,,,0.979744761,0.247352964,0.998519206,0.247352964,0.998519206
236,6095,2107,0,43.95352786,,,,,,,,,,,,,0.967322288,0.907017272,0.311664503,0.907017272,0.311664503
237,6095,2212,0,32.56845984,,,,,,,,,,,,,0.263965499,0.902634172,0.85492813,0.902634172,0.85492813
238,6100,1150,0,45.37903936,,,,,,,,,,,,,0.473311114,0.056761891,0.929271633,0.056761891,0.929271633
239,6106,1827,0,42.51535611,,,,,,,,,,,,,0.081481499,0.191180342,0.858090837,0.191180342,0.858090837
240,6111,1909,0,54.8923302,,,,,,,,,,,,,0.21188991,0.226410388,0.273057563,0.226410388,0.273057563
241,6111,2041,0,48.76542456,,,,,,,,,,,,,0.27483518,0.0656906,0.508832806,0.0656906,0.508832806
242,6111,2316,0,50.3230017,,,,,,,,,,,,,0.507146205,0.190349591,0.434924044,0.190349591,0.434924044
243,6128,2377,0,36.66696528,,,,,,,,,,,,,0.506345363,0.516463593,0.426024219,0.516463593,0.426024219
244,6133,1370,0,33.43957043,,,,,,,,,,,,,0.231764706,0.163210988,0.677556675,0.163210988,0.677556675
245,6139,2245,0,50.18560575,,,,,,,,,,,,,0.87771237,0.805021447,0.256657998,0.805021447,0.256657998
246,6139,2322,0,29.92336845,,,,,,,,,,,,,0.073773921,0.831608086,0.792469253,0.831608086,0.792469253
247,6144,1436,0,28.22728878,,,,,,,,,,,,,0.422491739,0.252628288,0.919089631,0.252628288,0.919089631
248,6144,1832,0,36.86819708,,,,,,,,,,,,,0.630813937,0.583012623,0.301510301,0.583012623,0.301510301
249,6150,1744,0,34.08754315,,,,,,,,,,,,,0.669525536,0.564575693,0.193350989,0.564575693,0.193350989
250,6150,1970,0,53.44172622,,,,,,,,,,,,,0.090821094,0.323219965,0.127080489,0.323219965,0.127080489
251,6150,2085,0,27.31149686,,,,,,,,,,,,,0.329309774,0.770973553,0.463901699,0.770973553,0.463901699
252,6161,1508,0,25.75115814,,,,,,,,,,,,,0.034341599,0.995692051,0.005298511,0.995692051,0.005298511
253,6172,1904,0,36.69331432,,,,,,,,,,,,,0.16250338,0.810606788,0.061814948,0.810606788,0.061814948
254,6194,1601,0,28.19654562,,,,,,,,,,,,,0.328292622,0.019608351,0.592899476,0.019608351,0.592899476
255,6194,1783,0,31.74194441,,,,,,,,,,,,,0.183458675,0.881324915,0.808192655,0.881324915,0.808192655
256,6216,1673,0,41.81965699,,,,,,,,,,,,,0.340068862,0.351633166,0.707093605,0.351633166,0.707093605
257,6243,1761,0,36.75621207,,,,,,,,,,,,,0.517645283,0.517378942,0.852848271,0.517378942,0.852848271